V1,V2,V3,V4,V5,V6,V7,V8,V9,V10,V11,V12,V13
36915.9609375,37254.27,36865.54,36986.07,36871.88,36677.89,36626.38,36797.08,37083.938,36864.848,36960.66,37216.62,37334.29
3663.42919921875,3711.5767,3680.682,3660.2217,3679.4895,3639.9717,3658.87,3657.8425,3686.386,3658.8167,3672.8545,3704.84,3719.9788
9599.560546875,9590.2295,9574.051,9667.365,9676.523,9660.941,9773.797,9650.569,9567.71,9711.524,9626.305,9585.8,9638.525
2149.857421875,2208.656,2139.696,2110.4731,2216.59,2142.6887,1963.0435,2247.004,2234.516,2192.9941,2181.944,2218.0981,2319.7085
1442.953857421875,1548.0399,1509.7806,1607.9889,1493.8823,1512.8562,1452.0142,1278.4348,1161.0465,1288.7716,1385.9501,1228.1042,1388.396
451.927490234375,504.42303,470.45822,454.09106,530.57916,321.7921,416.94592,478.20886,467.56873,458.46378,459.5281,465.43027,464.8283
2869.66162109375,2965.1958,2943.2458,3154.7686,2934.3052,2984.606,3052.1191,2893.026,2701.4885,2794.5798,2564.5247,2426.3296,2749.9536
2278.0966796875,2521.3672,2257.9302,2521.9478,2536.7844,2398.188,2407.337,2302.467,2056.5234,2329.2683,2016.5933,2158.9417,2138.2048
6722.4130859375,6928.4536,6402.9785,6451.3286,7066.846,6725.9375,6451.9614,6480.353,6499.694,6239.0483,6108.8467,6433.759,7148.832
5113.63720703125,5023.933,4998.5938,5056.7217,5135.017,5112.5337,5017.402,5155.875,4995.892,5126.5063,5012.325,5050.902,5131.3135
324.3579406738281,337.3713,328.0622,337.69525,324.82922,317.71478,324.7613,292.19086,330.39188,330.90656,323.9502,334.18497,345.62845
1037.2742919921875,1045.0619,1048.5658,1030.9867,1048.8365,1040.3767,1043.9717,1041.3937,1041.1903,1042.0636,1034.1295,1039.2073,1043.5848
2319.5458984375,2208.6052,2222.3623,2263.212,2273.9202,2300.514,2278.309,2310.0933,2253.1724,2276.3723,2261.3625,2238.958,2240.5889
2345.142333984375,2236.5415,2249.3345,2271.086,2290.4053,2315.766,2285.6746,2310.6357,2251.227,2328.2585,2264.9504,2243.5752,2245.8677
4721.9599609375,3826.5232,4121.607,4078.3684,4329.3296,4404.924,4110.9707,4415.06,3978.3735,4474.6797,4074.2673,3967.087,4067.8794
4721.9599609375,3826.5232,4121.607,4078.3684,4329.3296,4404.924,4110.9707,4415.06,3978.3735,4474.6797,4074.2673,3967.087,4067.8794
12051.5390625,12067.893,11994.547,12060.993,12152.644,12103.302,11992.835,12145.564,12029.866,12122.963,12040.969,12078.013,12139.442
4285.96435546875,4310.6846,4255.035,4307.6123,4299.324,4295.95,4295.7593,4284.4927,4329.1777,4270.12,4351.436,4283.4727,4283.63
2299.2763671875,1854.7661,2048.2217,2103.7354,2089.2063,1853.2084,2330.83,2193.4883,2419.8464,2249.3965,2518.7493,2506.729,2471.8726
3859.71923828125,4082.4766,3939.3281,4000.7651,3969.1824,3624.726,3853.512,3916.358,3887.4028,4047.3687,3897.4512,3833.087,4108.0786
1808.3707275390625,2047.1049,2012.9172,2010.9639,1847.9336,1819.022,2018.0432,1940.7773,1840.1632,1771.9338,1726.041,1705.6514,1934.6584
3421.985107421875,3237.2686,3008.9932,3210.6182,3423.4346,2962.127,3250.9966,3537.5305,3410.151,3412.9336,3321.6267,3513.2642,3419.4182
748.3414306640625,782.4574,736.8423,766.211,751.9759,732.7553,737.3488,765.5741,752.7042,756.5131,742.48724,722.94,772.44006
5534.4013671875,5088.4844,5577.041,5320.9663,5099.8984,5412.606,5272.184,5164.0005,5267.7,5607.127,5863.7715,5831.699,5861.434
1147.3505859375,1044.81,1071.3936,1087.958,1119.1653,1128.5918,1102.3735,1071.427,1041.6602,1089.5056,1055.4594,1012.83813,1123.8171
2583.072021484375,2620.4377,2629.8813,2624.6038,2609.886,2392.9182,2602.9111,2518.561,2586.356,2658.5862,2689.235,2625.9414,2501.3306
1466.064697265625,1683.8433,1633.693,1486.8127,1666.3289,833.38965,1255.5083,1054.8167,1542.1812,1533.6333,1656.1812,1405.6903,1470.6135
3218.894287109375,2786.0771,3018.308,4088.7388,3826.1333,3583.3599,3539.3442,3633.2852,3139.3801,3681.134,3105.417,2962.4902,2913.8518
617.3289794921875,609.2905,587.98785,564.6426,625.1152,506.42145,559.48425,591.70374,583.2537,554.579,596.82074,576.67896,589.97565
3696.294921875,3788.4348,3574.7444,3449.9316,3854.8467,3610.1396,3658.2764,3896.5317,3778.1985,3737.0798,3717.6467,3821.7344,3743.8613
626.997314453125,675.31726,631.5756,699.7554,672.7526,680.0526,688.99805,667.8209,587.13354,644.8757,622.0781,646.34064,719.849
3576.60009765625,3846.286,3151.8755,3673.6306,3340.1104,3397.5032,3528.7598,3705.4817,3144.5269,3564.932,3415.7266,3272.331,3565.343
1365.890869140625,1423.9633,1297.1221,1386.7819,1331.2933,1317.5453,1266.0709,1194.8446,1238.2302,1325.842,1203.46,1195.3241,1323.7839
1161.5628662109375,1140.9102,1093.0839,1174.0613,1185.6189,1138.4343,1139.7417,1113.7041,1057.1426,1119.5194,1058.5225,1075.775,1092.0066
1006.85009765625,1042.8278,1017.3234,1111.9443,903.5046,1008.75024,1024.8649,900.53546,949.8352,979.90027,962.67316,947.59845,938.0545
14581.1025390625,14100.501,13800.593,13869.289,14641.559,13832.694,13242.897,14401.389,13940.202,14324.456,13927.204,14449.943,14822.855
2888.56640625,2861.1077,2863.196,2870.183,2858.6042,2851.4087,2870.823,2843.4875,2822.513,2844.702,2846.9373,2816.5098,2839.9822
3087.37939453125,3096.1843,3078.2498,3071.986,3086.6062,3073.3171,3086.0908,3070.6858,3055.4377,3059.5273,3089.653,3068.035,3072.5012
5704.20654296875,5689.0815,5697.231,5701.506,5729.4375,5726.4365,5746.8345,5733.2,5671.542,5717.31,5668.844,5660.6724,5759.223
5700.37158203125,5685.469,5693.7686,5697.8105,5725.1367,5723.1963,5741.727,5728.9727,5668.24,5712.584,5664.869,5656.807,5750.7314
6129.94384765625,6134.4253,6129.683,6141.3154,6125.7,6129.8315,6137.5903,6155.902,6156.001,6163.8877,6170.361,6182.5957,6172.168
6144.859375,6148.7007,6146.575,6152.7075,6145.979,6142.1143,6151.95,6167.5586,6167.801,6178.6816,6180.1743,6193.349,6181.4785
6134.56640625,6138.6724,6135.9087,6146.1167,6131.218,6135.0522,6143.8823,6160.558,6160.8403,6168.8945,6175.5615,6187.143,6177.052
5696.50634765625,5681.8086,5690.212,5694.0225,5720.7656,5719.8936,5736.616,5724.622,5664.8525,5707.7856,5660.795,5652.8384,5742.1255
2915.23095703125,2903.1633,2915.5642,2923.4207,2859.9722,2887.2136,2892.084,2890.9983,2884.8013,2884.4285,2893.8394,2881.9395,2903.3225
3329.041015625,3336.7617,3339.865,3312.5325,3380.3892,3319.7485,3330.8733,3328.973,3292.1233,3289.8235,3296.8142,3304.852,3301.5178
2913.964599609375,2902.3691,2914.7356,2922.4128,2858.785,2886.0884,2891.575,2890.1636,2884.1604,2883.5986,2892.6543,2880.7048,2902.4038
3000.75537109375,2970.1165,2951.7378,2966.8762,2970.3333,2959.201,3025.4595,2965.0054,2974.85,2988.9214,2968.994,2976.0898,2980.6477
3245.767822265625,3231.4246,3245.8933,3257.4587,3179.0876,3217.4685,3213.565,3214.9072,3234.7979,3211.6626,3227.0332,3220.4614,3244.9482
3247.16064453125,3232.3064,3246.873,3258.5269,3180.0947,3218.6511,3213.8467,3215.7502,3235.593,3212.5833,3228.2527,3221.6243,3245.9077
6645.33544921875,6635.8164,6601.866,6636.9766,6630.97,6620.6704,6675.3184,6658.5503,6620.6743,6632.3296,6619.4375,6628.151,6638.2603
7181.267578125,7183.8413,7132.1655,7149.1123,7155.4487,7043.456,7148.5415,7225.39,7200.5376,7155.233,7209.7427,7212.571,7201.697
1867.526123046875,1858.3933,1844.2898,1827.366,1890.2284,1857.1787,1869.6167,1796.2031,1776.5487,1839.5427,1761.89,1756.2974,1908.9629
2496.7763671875,2496.5178,2493.567,2499.0764,2497.9387,2486.4407,2499.4922,2486.28,2506.497,2496.1873,2510.0947,2509.898,2506.4102
4549.6787109375,4588.5737,4482.8945,4586.902,4631.0366,4616.377,4589.3276,4553.542,4519.1724,4598.1055,4434.5864,4443.1963,4568.499
2415.81982421875,2317.9055,2438.2952,2434.6162,2564.8691,2539.872,2677.1045,2574.1582,2354.1467,2616.6306,2460.07,2455.9587,2800.2139
2214.5517578125,2297.3125,2204.8599,2275.5535,2377.4478,2353.6619,2265.256,2371.9644,2298.9136,2383.7627,2349.562,2383.912,2436.796
3479.5556640625,3527.992,3401.343,3471.8533,3470.8904,3328.033,3356.4487,3513.607,3479.205,3454.4165,3422.1904,3513.796,3543.9397
1774.8282470703125,1864.5112,1803.4109,1865.2236,1932.2417,1865.1467,2044.6678,2189.473,1921.3491,2207.2224,2135.674,2156.1133,2285.263
8948.75,8954.036,8927.893,8947.0,8973.755,8949.682,8960.445,8955.141,8951.067,8945.934,8958.738,8957.32,9006.994
10722.5888671875,10545.816,10624.004,10800.954,10726.745,10921.078,10818.036,10757.639,10328.341,10785.219,10391.3955,10701.581,10697.85
6968.6318359375,6999.1406,6976.9043,6990.672,7037.017,7045.3867,7043.288,7044.301,7071.353,7062.7124,7075.5146,7083.402,7092.6826
6089.52197265625,6020.803,6034.1216,6088.503,6085.1064,6112.126,6114.8364,6110.688,6057.3813,6111.8433,6084.6675,6145.405,6171.572
12860.841796875,12764.95,12754.581,12736.298,13148.031,12924.469,12461.685,13110.042,12967.165,12944.919,13056.085,13053.413,13046.188
18109.705078125,18032.889,17979.176,17992.32,18461.787,18202.24,17717.162,18416.049,18239.88,18229.393,18358.691,18357.041,18350.902
7315.19287109375,7296.1846,7295.152,7373.549,7402.253,7391.1177,7477.431,7369.083,7287.166,7428.801,7346.5527,7314.009,7351.662
13273.6650390625,12981.987,13109.993,13141.1,13357.241,13324.717,13212.583,13343.453,13167.313,13377.743,13297.365,13343.206,13427.484
6930.87548828125,6960.5054,6907.8633,6954.555,6939.5933,6923.688,6947.8706,6891.72,6927.831,6908.81,6942.321,6921.24,6927.5757
6932.54931640625,6963.7725,6901.842,6950.0723,6938.4307,6921.0513,6959.26,6876.6924,6911.2173,6916.0586,6942.4014,6933.242,6951.8735
2611.052490234375,2615.3716,2610.7185,2613.5989,2608.7305,2608.6763,2614.2292,2600.9885,2612.418,2610.4111,2612.8179,2611.478,2616.8264
1903.4718017578125,1979.2225,1908.9866,1899.5182,1921.5757,1896.3513,1833.1334,1824.733,1806.2437,1863.044,1840.8152,1825.5868,1823.1267
1903.4876708984375,1979.0991,1908.9008,1899.51,1921.4882,1896.3464,1833.0596,1824.6315,1806.0955,1863.039,1840.7668,1825.4271,1823.2869
1903.4718017578125,1979.2225,1908.9866,1899.5182,1921.5757,1896.3513,1833.1334,1824.733,1806.2437,1863.044,1840.8152,1825.5868,1823.1267
4440.09130859375,3787.2476,3851.7307,3922.47,4087.0005,4223.426,4030.8696,4331.676,3884.8525,4035.63,3855.4863,3840.0557,3915.159
24138.318359375,24179.824,23960.277,24031.996,24252.725,24246.342,24230.398,24202.309,24293.977,24352.424,24249.654,24323.334,24542.959
650.7494506835938,659.7018,628.5638,668.7439,636.51135,620.3325,662.9402,623.7999,664.7318,648.73016,680.001,687.6948,692.5675
3564.187255859375,3229.7205,3313.9224,3458.4321,3421.664,3489.8452,3469.9207,3493.2239,3461.489,3368.0256,3437.7065,3337.0051,3343.081
3400.754150390625,3341.4329,3267.2048,3356.6033,3319.8406,3298.957,3490.6306,3342.1138,3318.5466,3368.0042,3358.786,3281.014,3309.4429
1130.9033203125,881.1303,1004.427,948.31244,910.54407,871.13605,1032.6093,744.72363,869.39465,876.2031,863.79114,715.692,791.63586
1178.214599609375,1078.0337,1102.5852,1065.195,1140.5707,1012.74414,1078.3251,963.5724,950.3259,958.83105,937.97754,850.69116,1018.5314
24212.390625,24379.902,23934.527,24167.602,24459.389,24326.31,24418.646,24569.387,24492.223,24390.31,24437.127,24500.893,24593.314
4421.3310546875,4423.5264,4417.671,4425.387,4418.4033,4419.617,4424.5576,4415.1445,4419.745,4422.6445,4423.55,4421.7065,4423.9673
5792.78759765625,5511.02,5528.6313,5673.415,5869.673,5830.5347,5687.5093,5939.5293,5646.347,5915.8135,5814.9985,5738.671,6195.326
5783.25,5523.0137,5539.209,5688.7114,5863.7075,5835.8843,5711.8525,5971.5596,5658.8823,5926.223,5817.1367,5746.8027,6174.82
17133.7890625,17020.715,16911.516,16969.281,17291.166,17162.99,16910.766,17355.271,17066.959,17296.895,17095.275,17208.377,17391.715
17135.234375,17026.9,16928.592,16997.043,17313.709,17184.443,16926.451,17360.074,17117.092,17316.809,17105.691,17228.076,17387.596
1080.587890625,1082.4053,1083.2258,1084.0741,1082.2579,1084.2283,1080.214,1084.9647,1084.3785,1086.3112,1085.4089,1082.5304,1086.6268
11843.32421875,11898.133,11877.384,11893.433,11957.269,11940.307,11926.597,11973.522,11933.149,11927.656,11902.058,11935.468,11923.919
1217.2923583984375,1223.9751,1198.7778,1229.5477,1211.3462,1200.077,1218.9464,1208.391,1211.0819,1215.0345,1218.1051,1213.4586,1212.7128
1849.75146484375,1845.2399,1844.087,1867.6006,1861.4778,1857.3407,1862.2556,1864.0544,1855.5659,1869.4917,1854.5594,1858.0027,1858.446
19721.21484375,19691.52,19653.447,19908.068,19823.81,19778.902,19840.771,19885.643,19776.574,19917.795,19775.98,19797.984,19779.242
23555.35546875,23992.865,23710.191,23571.512,23748.521,23276.848,23622.25,23381.54,23726.77,23752.465,23503.082,23673.475,23937.559
1721.7135009765625,1721.701,1715.5548,1717.819,1728.9633,1726.8134,1719.2947,1732.2072,1719.5371,1730.0394,1720.4557,1722.8293,1731.1023
1775.4383544921875,1792.3337,1775.6947,1780.848,1790.846,1765.132,1768.8794,1745.7646,1741.4316,1734.9735,1721.9087,1723.7025,1739.0872
1496.8919677734375,1515.3271,1506.5619,1509.8574,1516.4999,1511.0577,1532.6881,1492.0442,1470.0957,1473.7521,1440.3706,1440.8239,1471.5004
11235.8955078125,11285.643,11272.353,11267.347,11293.277,11286.002,11290.8545,11285.172,11270.021,11317.029,11271.843,11290.586,11315.685
495.1763000488281,498.30716,485.68265,496.72086,493.51404,483.08307,495.04364,482.86514,493.03613,475.0698,484.53412,483.75177,494.89548
634.2484130859375,629.8667,615.8699,630.72955,627.8977,618.02844,632.2093,613.8386,627.07056,612.8903,618.5838,619.1108,628.4652
15540.0048828125,15564.784,15418.399,15503.053,15410.939,15356.418,15141.821,15522.411,15506.982,15532.483,15624.298,15716.254,15750.143
11333.4775390625,11436.732,11410.86,11414.45,11429.116,11331.045,11444.298,11421.489,11396.732,11439.938,11411.84,11409.222,11429.29
9674.7939453125,9704.3125,9700.91,9712.408,9721.347,9718.635,9750.233,9716.819,9675.025,9725.697,9668.583,9680.354,9751.914
15718.640625,15632.627,15658.638,15661.038,15734.494,15730.844,15728.14,15808.751,15676.504,15730.961,15703.677,15713.394,15751.875
4121.849609375,4141.891,4117.2305,4132.794,4204.5356,4212.5337,4173.0156,4162.6377,4138.426,4130.6646,4110.9995,4128.48,4190.3555
1051.7259521484375,1058.8245,1048.3933,1049.5505,1049.6086,1041.6602,1033.0931,1053.692,1053.0198,1049.223,1053.5391,1059.905,1062.8228
9153.4677734375,9127.327,9115.3545,9132.492,9164.888,9164.319,9136.614,9155.844,9133.279,9166.65,9139.117,9138.44,9187.87
2135.608154296875,2140.1233,2133.4363,2134.3884,2144.615,2142.8325,2138.0842,2148.6584,2137.6482,2145.7888,2136.1194,2140.001,2147.1128
23653.6640625,23511.877,23488.758,23544.814,23662.139,23640.15,23586.162,23715.578,23501.662,23609.49,23519.613,23497.346,23601.246
15955.46875,15995.094,15941.632,15979.617,16030.237,16017.981,16006.2,16002.782,15983.943,16037.069,15990.823,16002.053,16047.362
14205.0859375,14251.921,14204.527,14232.688,14274.48,14263.788,14261.83,14254.035,14237.148,14286.198,14247.329,14262.639,14300.399
7189.720703125,7126.081,7134.778,7174.0728,7197.7544,7202.486,7186.2656,7248.5864,7155.0156,7200.098,7153.5474,7148.044,7172.0024
1067.1483154296875,1068.9135,1069.6976,1070.1819,1067.8503,1069.8724,1066.7676,1070.8636,1070.5876,1072.1105,1071.354,1068.7368,1072.4808
9383.087890625,9423.007,9422.95,9407.649,9476.835,9451.061,9441.455,9486.755,9449.726,9454.688,9427.227,9453.7705,9449.858
736.1064453125,738.8477,726.7554,743.609,742.07043,732.60626,739.132,743.2227,746.85425,732.26697,744.73846,746.4928,742.5205
10376.126953125,10476.174,10420.251,10431.472,10569.527,10476.103,10423.326,10570.534,10419.96,10473.636,10435.392,10468.2705,10522.62
11133.8125,11207.586,11168.031,11188.326,11310.867,11222.663,11181.151,11312.421,11173.665,11216.384,11185.976,11222.859,11253.358
14251.1513671875,14724.951,14468.567,14547.998,14472.907,14004.9,14488.34,14293.335,14413.378,14646.219,14435.928,14457.682,14659.522
7027.92822265625,6940.7573,6948.8804,6963.64,7044.0137,7026.3345,6981.763,7083.2285,6997.3423,7040.5303,7000.8916,7020.094,7067.2285
1720.9036865234375,1720.8159,1714.7185,1717.0406,1728.1666,1726.0438,1718.5638,1731.4672,1718.7211,1729.2322,1719.6311,1722.017,1730.3254
1023.2356567382812,1033.8497,1026.5868,1031.565,1033.6733,1017.5822,1018.92334,999.6545,994.9858,994.6874,983.07574,990.1103,992.3666
824.436767578125,816.0783,802.915,798.13556,816.18195,824.86414,813.7085,790.77466,773.3898,789.65643,758.3804,752.67664,777.8274
10258.103515625,10290.647,10294.862,10295.1045,10319.789,10311.651,10333.985,10312.353,10288.092,10339.958,10280.601,10303.148,10344.225
357.2815856933594,356.8433,354.71875,364.88025,362.5901,361.25208,371.70837,366.36472,364.91287,356.91904,360.39685,361.24164,360.0682
466.29156494140625,464.21042,462.93414,473.116,472.11502,472.093,480.6103,474.64136,473.18982,467.17712,468.46506,470.35443,467.37402
8637.75,8642.148,8645.795,8623.584,8636.642,8603.849,8583.12,8687.931,8688.772,8687.699,8703.118,8703.741,8725.976
10752.9775390625,10869.75,10834.892,10837.193,10902.077,10838.313,10873.891,10867.769,10821.252,10897.334,10855.557,10865.591,10889.355
9399.8251953125,9425.56,9431.678,9432.412,9451.895,9443.759,9473.767,9443.606,9409.31,9462.646,9399.23,9415.157,9467.941
10890.3330078125,10775.296,10793.87,10740.814,10876.118,10832.838,10794.298,10884.084,10813.625,10817.277,10767.617,10828.948,10804.167
3607.067138671875,3643.6719,3632.162,3638.7307,3672.2737,3696.588,3650.6184,3670.9927,3603.8564,3653.709,3601.0923,3624.8774,3677.833
1032.15771484375,1040.1234,1027.3942,1029.7106,1030.6553,1021.9203,1011.7357,1035.0118,1033.7441,1033.4408,1033.2163,1042.7253,1046.3811
8149.65087890625,8122.8765,8117.316,8131.4844,8154.0425,8157.4883,8133.829,8143.4033,8128.5186,8155.534,8135.517,8132.5073,8176.4443
2134.41796875,2138.8618,2132.2183,2133.2217,2143.4238,2141.6619,2136.9673,2147.5293,2136.4329,2144.5942,2134.8943,2138.8003,2145.9436
22373.021484375,22295.422,22259.99,22284.203,22386.576,22360.154,22341.277,22388.738,22238.81,22325.64,22235.46,22222.707,22311.666
13717.59375,13752.528,13725.763,13739.252,13796.344,13775.264,13772.983,13792.777,13745.675,13804.745,13731.492,13756.575,13808.495
11958.0693359375,12008.786,11986.722,11994.324,12047.146,12026.335,12034.137,12038.5205,12007.531,12052.968,11990.634,12018.352,12060.082
6065.275390625,6053.076,6042.3037,6052.7754,6077.2783,6074.4854,6062.612,6077.522,6031.933,6060.37,6022.8384,6023.043,6042.9546
6235.6884765625,6072.881,6077.946,6132.6777,6266.343,6273.5737,6198.933,6394.736,6158.5747,6291.72,6217.2,6202.529,6403.1025
6944.94140625,6960.106,6960.874,6962.356,6991.5225,6980.406,6973.459,6999.548,6970.935,6982.032,6962.5894,6974.77,6970.9414
362.83648681640625,362.96143,348.48022,361.64224,365.91287,358.3454,373.3779,363.72733,366.3313,353.99237,363.27142,364.78342,362.8893
7733.46728515625,7832.6567,7792.695,7777.663,7906.8564,7809.192,7773.4863,7922.609,7735.7676,7770.6826,7761.586,7762.137,7845.674
8116.82373046875,8190.799,8163.909,8158.438,8272.895,8180.0366,8152.1216,8279.629,8108.989,8132.5845,8131.3604,8132.639,8203.691
10823.4013671875,11162.03,10954.085,10957.452,10973.266,10684.168,10940.841,10798.613,10889.385,11059.666,10906.155,10899.635,11089.703
5372.07275390625,5301.121,5310.9463,5321.937,5391.696,5376.528,5341.68,5422.417,5352.978,5389.073,5356.708,5370.723,5414.085
11174.6787109375,11214.592,11155.742,11173.47,11243.051,11228.876,11203.84,11274.111,11189.496,11257.936,11188.58,11212.192,11269.886
997.2972412109375,1008.6919,1001.92303,1005.9081,1007.58246,992.30646,993.4807,974.70703,969.712,968.9146,958.3482,964.9235,968.03735
8038.85986328125,7955.125,7827.1895,7776.782,7955.0513,8042.8022,7933.05,7707.024,7531.9395,7699.6045,7386.475,7327.255,7587.877
6652.1513671875,6683.036,6681.198,6670.3906,6703.6577,6691.0645,6696.791,6690.1665,6686.595,6714.291,6677.724,6692.405,6712.7793
127.86255645751953,130.30716,128.84079,131.59663,135.45953,135.87657,136.56966,134.65997,134.30362,130.5573,129.75616,132.27213,128.21623
226.71859741210938,226.88988,227.35762,229.69832,233.45279,234.13997,234.44766,232.61226,232.08545,229.17662,227.63773,230.31647,226.91884
4593.5810546875,4597.6714,4592.37,4570.3457,4588.3057,4483.639,4484.005,4644.157,4648.593,4628.7603,4668.8374,4667.0835,4686.1904
7948.4482421875,8080.0117,8038.832,8026.4883,8056.6597,7968.037,8042.383,8057.658,7997.5312,8070.0264,8045.2544,8042.7866,8067.3135
6197.32080078125,6217.1997,6222.1333,6214.023,6237.3115,6225.847,6241.962,6223.2725,6206.9424,6240.879,6198.4297,6207.052,6240.459
8328.236328125,8254.093,8254.855,8243.801,8311.493,8296.401,8280.089,8337.824,8252.637,8278.968,8228.497,8261.001,8252.448
2955.306396484375,2983.0513,2987.6606,2977.4036,3005.1824,3025.2651,2983.3213,3006.7537,2946.6367,2986.7986,2933.338,2954.9128,2998.4424
8825.5986328125,8900.48,8804.831,8814.398,8818.569,8736.692,8701.481,8830.998,8810.847,8807.356,8810.493,8883.613,8909.152
4551.0439453125,4502.7935,4507.065,4525.0347,4545.645,4562.6123,4528.863,4535.133,4508.9004,4547.97,4531.1074,4510.0664,4592.305
5417.5927734375,5417.235,5417.0356,5421.1714,5436.0273,5441.8887,5427.332,5426.118,5414.793,5435.9824,5420.582,5419.4375,5468.606
1413.4000244140625,1419.3812,1415.0765,1416.349,1421.1345,1420.1323,1418.8832,1423.0183,1418.1473,1422.0527,1417.8105,1419.7045,1422.8752
16269.8779296875,16156.693,16128.561,16170.557,16276.357,16266.204,16222.824,16301.038,16122.427,16219.59,16128.799,16115.587,16220.428
9148.330078125,9186.945,9173.267,9170.128,9221.089,9196.362,9197.891,9200.685,9188.535,9216.69,9172.373,9189.743,9214.067
7938.4521484375,7983.4106,7966.9136,7959.6274,8013.9116,7987.8364,7979.304,7989.579,7981.5703,8002.662,7965.0234,7977.329,7998.0234
11947.060546875,11866.202,11849.1455,11860.985,11952.361,11933.456,11902.497,11943.531,11834.3955,11901.6875,11843.739,11832.904,11923.112
4310.23681640625,4283.9253,4276.057,4299.5376,4324.161,4325.6987,4316.1836,4349.9155,4280.982,4319.639,4274.7495,4273.3525,4301.3955
3755.284912109375,3765.5442,3755.7576,3764.5854,3773.6204,3771.7402,3758.0908,3772.802,3767.5625,3781.0076,3771.1797,3766.4514,3784.6282
24501.107421875,24599.404,24535.52,24394.676,24923.953,24721.05,24474.105,24861.154,24755.104,24728.465,24662.861,24755.715,24808.861
3743.138916015625,3768.3306,3750.7507,3765.7078,3742.8433,3695.4458,3751.5234,3780.9917,3790.9385,3746.979,3790.779,3751.202,3763.9104
2686.72412109375,2682.3508,2665.3035,2691.5925,2696.152,2697.4902,2649.1228,2718.8525,2720.877,2701.446,2704.0176,2717.6646,2720.6511
3067.563720703125,3067.0137,3054.0698,3070.3562,3073.108,3071.8523,3029.4795,3099.1455,3098.9465,3078.5242,3083.7944,3093.444,3105.6194
3338.532470703125,3422.3748,3381.2979,3428.4163,3403.3997,3388.0527,3415.1938,3386.6658,3329.7456,3434.028,3391.4968,3399.4731,3474.797
1656.179443359375,1642.0342,1641.5001,1642.7134,1655.4935,1651.3635,1640.8029,1659.05,1647.4832,1652.5197,1643.8904,1650.6462,1655.2653
3590.12060546875,3552.3064,3547.7378,3557.5342,3583.2625,3577.686,3554.9873,3596.663,3557.235,3578.3315,3562.8806,3567.5662,3588.3867
6016.2998046875,5993.432,5983.5703,5989.585,6025.553,6020.693,5986.371,6037.209,5991.9185,6026.896,5992.93,6003.3633,6027.169
3613.8466796875,3617.8855,3617.2502,3619.6646,3628.8237,3627.8887,3635.2947,3633.5571,3611.3801,3634.1875,3608.1038,3616.2622,3638.8635
3575.439208984375,3542.608,3586.8308,3453.8735,3490.299,3352.8242,3527.755,3545.7837,3512.0337,3563.0513,3582.3672,3456.102,3660.9312
2813.837890625,2799.9912,2801.6414,2808.7866,2818.1016,2817.0625,2810.656,2814.2112,2800.5676,2815.7776,2803.8494,2812.1384,2809.5916
3209.099853515625,3213.4717,3213.539,3215.621,3223.553,3222.8462,3230.309,3227.2998,3207.2573,3228.6125,3204.5457,3211.8809,3232.228
2497.9501953125,2498.667,2493.114,2491.5815,2548.9426,2522.971,2513.3467,2534.2275,2527.5981,2525.402,2522.9268,2544.5356,2547.106
6577.34521484375,6643.7627,6582.0283,6582.0337,6777.267,6634.621,6623.025,6722.898,6553.9414,6681.6284,6551.8867,6610.031,6731.7485
1498.1142578125,1500.855,1504.6868,1495.4644,1496.1086,1468.0872,1483.9886,1508.3293,1501.0469,1480.7236,1499.4897,1496.9554,1515.4792
2703.943115234375,2706.1877,2699.7576,2700.4705,2719.6829,2709.866,2701.6953,2716.5176,2703.194,2714.3281,2704.8535,2709.2563,2714.1174
7211.81884765625,7184.788,7172.3286,7180.5054,7219.6953,7214.755,7176.1504,7233.4736,7183.3325,7221.3276,7185.606,7196.629,7224.085
8805.40234375,8816.4,8802.752,8800.157,8811.136,8781.085,8800.521,8805.52,8805.015,8807.845,8801.691,8794.893,8807.488
1299.341552734375,1294.5879,1283.1559,1284.8225,1308.8453,1292.6134,1292.6766,1299.8135,1277.8253,1291.6576,1277.5682,1282.896,1310.6442
6095.177734375,6104.6987,6090.009,6090.0347,6094.294,6082.6577,6092.369,6084.6772,6070.523,6090.807,6083.859,6067.7485,6088.001
4570.9697265625,4570.9736,4557.77,4563.864,4589.397,4582.4307,4574.655,4596.66,4566.5947,4592.0693,4566.819,4574.831,4601.3765
4027.84716796875,4031.6338,4024.753,4027.7957,4044.0664,4040.7395,4042.08,4052.6094,4027.8281,4050.8953,4026.4856,4035.651,4056.5374
1741.0555419921875,1742.9199,1734.0519,1735.7349,1736.8209,1731.4882,1736.2457,1720.4865,1716.9913,1729.1123,1723.3176,1722.4025,1728.4823
959.602783203125,973.3339,959.7413,963.1593,960.9788,954.96356,957.8528,952.1697,963.9553,954.74725,967.2607,965.7763,973.92224
2258.994384765625,2317.0706,2284.113,2287.9353,2271.5662,2260.0425,2317.6636,2159.0762,2273.7922,2258.0115,2265.2705,2234.5767,2278.3445
1994.541015625,2024.3975,1974.1273,1991.736,1991.1599,1968.2976,1948.949,1966.9816,1956.7839,1983.8252,1934.0657,1948.9071,1984.1737
463.55120849609375,468.834,460.4552,468.5741,461.7689,462.77698,459.2489,454.32123,468.46323,458.0219,469.15225,469.10123,472.61935
6618.294921875,6711.173,6601.0303,6592.556,6609.914,6547.9106,6627.465,6503.998,6355.43,6531.745,6517.017,6468.6426,6542.1826
1163.6387939453125,1207.0596,1193.993,1195.96,1180.1174,1177.8959,1237.5183,1083.4218,1192.9949,1170.9211,1192.0992,1153.065,1179.372
5757.734375,5767.083,5721.2847,5732.6753,5755.671,5732.6533,5727.8203,5639.3896,5625.7466,5761.657,5661.036,5718.167,5757.776
513.2517700195312,526.40674,504.31766,511.18597,509.78986,500.4259,500.81442,499.55396,500.0794,513.3605,504.80963,502.6055,529.3457
1077.27880859375,1096.6147,1061.2662,1099.7356,1076.2876,1067.5792,1082.9299,1044.5928,1109.3347,1074.2548,1126.3036,1119.323,1133.4032
10767.53515625,11066.044,10667.801,10853.29,10797.169,10499.859,10590.172,10960.789,10987.353,10780.5625,11171.357,11184.539,11415.041
3519.227294921875,3633.1423,3543.2437,3591.3855,3564.7751,3518.601,3580.5195,3490.3975,3618.39,3567.2532,3617.2886,3648.9182,3718.02
2399.71630859375,2420.0881,2404.4534,2398.2856,2400.976,2374.4214,2385.5886,2400.3535,2393.0962,2381.6724,2381.736,2374.2927,2395.461
835.6137084960938,855.6667,838.9265,852.6185,840.1399,845.4997,845.64215,840.38544,829.4959,827.27747,855.6306,855.1253,872.8232
1652.4381103515625,1850.9579,1638.9552,1850.5557,1632.852,1577.6124,1755.7307,1685.8236,1508.7505,1800.9861,1599.9406,1797.4247,1850.9656
2140.1943359375,2197.0862,2123.0251,2169.2468,2149.019,2106.9211,2133.5393,2146.43,2195.8652,2140.0723,2233.5305,2225.9514,2270.3457
4394.40478515625,4518.4507,4409.9614,4457.848,4431.253,4383.7964,4446.466,4342.465,4482.543,4410.288,4504.7065,4476.7188,4566.0796
5932.4140625,5955.777,5950.0503,5943.938,5935.6177,5736.1304,5885.0703,6055.2817,5990.9473,6064.243,6087.187,6140.3525,6207.5684
7303.6162109375,7262.506,7245.4473,7263.1416,7320.53,7302.7993,7285.0845,7343.8027,7253.8574,7306.3887,7272.4834,7269.1235,7276.028
12647.224609375,11795.149,11723.018,12068.883,12455.75,12513.359,12096.997,12469.268,11889.446,12533.82,12209.941,12220.959,12713.921
948.7249145507812,895.64954,935.0639,949.3362,1048.4807,998.3425,1026.9248,1040.632,948.08075,1050.169,958.5841,989.92975,1092.0966
9852.5986328125,9520.718,9037.286,9623.73,10004.453,10195.187,9509.386,10683.708,9330.78,10458.464,9384.068,9573.974,10200.52
24981.544921875,24507.35,24405.729,24455.4,25200.117,24423.73,23782.07,24972.326,24557.32,24859.715,24365.52,24984.176,25132.516
4166.205078125,4217.672,4122.674,4239.347,4298.8145,4273.512,4165.179,4318.0938,4212.1714,4335.682,4189.6626,4314.0776,4307.1665
8082.23828125,7709.687,7545.8203,7776.709,8070.2524,8069.317,7740.0796,8063.9014,7657.274,8151.1094,7857.4033,7961.6733,8156.5693
18692.302734375,17876.418,17760.457,18056.002,18515.117,18489.064,17986.197,18731.78,17930.447,18438.727,18108.674,18089.79,18596.742
5379.70947265625,5361.908,5338.959,5392.482,5454.123,5430.128,5369.784,5445.008,5341.238,5457.411,5348.247,5383.782,5412.311
3181.9755859375,3290.0103,3175.0964,3239.2844,3227.4668,3224.2473,3257.2263,3193.4028,3155.636,3287.2495,3127.2434,3141.916,3209.6296
1757.1004638671875,1722.9106,1712.5997,1710.7085,1701.0146,1697.7161,1707.3502,1682.7299,1717.7373,1716.677,1713.4218,1701.8545,1735.7352
2353.859619140625,2324.5217,2324.963,2345.5586,2360.6917,2357.9382,2339.54,2367.3308,2337.3545,2375.3965,2350.2114,2370.078,2379.9182
3138.376220703125,3105.6777,3104.739,3125.8196,3142.859,3139.6667,3119.7285,3149.1885,3116.9417,3156.9883,3128.7444,3149.7844,3160.7542
9344.16015625,9649.796,9671.795,9537.009,9577.684,9581.618,9649.373,9629.314,9519.066,9544.039,9624.638,9582.66,9603.957
9727.8828125,9738.329,9714.631,9831.156,9823.633,9622.029,9837.178,9957.01,9798.201,9811.43,9848.633,9813.143,9863.448
1057.60595703125,1059.7654,1052.084,1056.6501,1055.7255,1048.8158,1055.494,1057.4076,1055.946,1058.6251,1059.2626,1059.3263,1062.8683
1785.60595703125,1787.7654,1780.084,1784.6501,1783.7255,1776.8158,1783.494,1785.4076,1783.946,1786.6251,1787.2626,1787.3263,1790.8683
7107.31884765625,6847.6313,7001.8066,6753.4243,7166.801,6925.6826,6940.7046,7172.939,6878.6826,7184.6133,6741.4087,6899.7847,6925.852
7572.16650390625,7876.27,7619.4927,7581.1577,7785.1724,7537.0063,7652.1196,7686.032,7731.728,7546.097,7455.3286,7636.853,7831.199
25977.263671875,26238.617,26096.754,26155.805,26417.713,26515.316,26533.867,26845.03,26478.143,26904.98,26826.027,26852.766,26951.516
1794.4422607421875,1813.4121,1783.2103,1840.3818,1812.1196,1784.3796,1832.94,1848.1785,1888.1611,1872.4087,1919.9175,1919.9948,1919.8092
1967.9403076171875,1947.6616,1913.9233,1956.0321,1927.3271,1937.5605,1869.5901,2029.2607,2038.9429,1988.1204,2040.0385,2043.595,2095.1484
3165.046142578125,3153.2002,3049.4192,3127.1262,3104.1436,3095.6323,3059.109,3252.6118,3273.8884,3236.6848,3277.5142,3269.7505,3356.5483
1417.9180908203125,1417.2854,1350.9673,1382.0947,1388.0023,1271.5167,1329.5516,1439.5356,1424.9454,1405.138,1426.3495,1428.7704,1455.7542
7907.11962890625,7709.997,7639.6304,7966.5884,8044.7114,7979.7705,7729.6245,8146.6333,8078.752,8179.572,8087.278,8113.1035,8162.206
505.83807373046875,510.03653,492.34818,507.48474,513.6062,505.96545,489.97885,514.56726,506.81314,514.094,500.09933,508.95953,513.6157
2961.46240234375,2876.272,2919.754,2934.8413,2894.5645,2876.9258,2868.6968,2954.2654,2975.1934,2954.5056,3029.7517,3024.72,3023.777
539.7071533203125,543.36755,538.4321,544.4418,547.32275,529.0751,535.4399,534.5096,555.77954,553.30524,552.075,559.6504,562.33203
1940.47998046875,1951.158,1917.7565,1917.6304,1931.3214,1902.438,1922.595,1937.1343,1950.3385,1943.7826,1962.8759,1965.6498,1967.5177
1075.6375732421875,1082.9349,1050.0443,1073.3174,1066.8535,1032.5283,1020.32886,1050.5637,1082.1492,1071.3475,1106.219,1142.9283,1135.871
1921.992431640625,1931.9539,1886.5544,1907.321,1912.4226,1835.2399,1912.8447,1948.4167,1965.8677,1911.533,1974.6882,1968.6031,1998.7039
384.4991455078125,375.82196,391.5384,390.93665,391.88092,359.94373,404.15396,308.60693,386.59723,375.76862,393.35233,377.3487,390.72577
3287.646240234375,3257.9128,3188.9678,3295.4329,3286.4402,3276.9377,3279.3647,3448.1494,3467.3386,3432.1838,3465.5388,3459.2456,3528.7324
1174.18603515625,1186.5519,1114.4414,1172.6653,1138.3156,1108.388,942.42755,1245.8761,1233.8779,1163.7112,1194.9729,1210.5786,1306.9385
377.6436462402344,384.16968,367.0827,378.31073,376.1527,344.81427,355.2747,394.89716,396.84113,377.69656,386.74493,393.27036,403.10184
3797.431396484375,3844.6528,3786.9119,3892.5298,3911.1821,3610.6802,3766.0034,4149.576,4222.141,4162.4346,4267.79,4237.4287,4294.9688
2451.97119140625,2526.9167,2447.2683,2461.0767,2491.7205,2383.586,2411.0908,2514.2668,2535.466,2483.903,2462.3955,2477.999,2513.5432
1062.9168701171875,1044.2974,1020.67175,1043.2559,1062.6117,983.39124,995.31213,1129.5587,1141.7844,1095.2405,1143.6533,1123.9092,1154.9336
1479.532958984375,1532.4026,1552.4329,1571.0704,1531.8453,1575.4878,1500.471,1594.6378,1568.8505,1602.2397,1555.0857,1560.1807,1656.5848
1109.119873046875,1159.228,1103.7549,1128.0798,1150.932,1041.4437,1105.825,1141.1063,1177.5751,1139.8851,1134.6189,1160.1719,1181.3552
773.2262573242188,781.351,763.2646,772.93915,767.9867,755.67834,770.1846,739.7358,762.0933,765.51483,764.1389,771.7674,772.37854
2390.439453125,2425.1565,2310.7483,2393.1125,2368.891,2303.7156,2344.6719,2385.327,2426.2324,2354.6536,2426.2146,2408.763,2459.6091
1161.733642578125,1203.6921,1119.1316,1177.3334,1155.3461,1131.9362,1139.3883,1127.0112,1115.2833,1148.0647,1159.466,1149.9536,1207.055
3977.6494140625,3981.4272,3953.4448,4041.2192,3942.8726,3933.8887,3971.9775,3774.5264,4007.9072,4006.263,3941.2305,4002.1587,4024.8223
16816.15234375,16592.34,16687.854,16894.03,16806.633,17039.225,16920.326,16870.176,16373.727,16909.824,16492.662,16871.635,16881.242
22832.345703125,23186.209,22797.744,22936.756,22809.566,22626.613,22562.666,22678.799,23020.889,22795.229,22894.02,23153.693,23284.186
3202.41455078125,3195.3818,3194.5266,3194.4124,3241.494,3218.03,3171.31,3238.9543,3223.159,3218.55,3228.9001,3234.7554,3229.0024
6751.4580078125,6779.8423,6753.6274,6786.44,6757.33,6735.721,6793.5815,6714.187,6750.7817,6763.055,6764.1562,6769.718,6778.2866
8546.6083984375,8515.146,8508.751,8602.15,8646.62,8638.464,8708.128,8597.923,8514.073,8671.2705,8582.166,8549.983,8583.378
12298.5576171875,12223.2,12211.878,12275.955,12321.174,12332.342,12290.2705,12299.687,12227.789,12344.277,12271.898,12249.415,12295.654
5886.4921875,5817.7397,5850.163,5845.906,5913.8853,5889.543,5861.629,5917.436,5901.6943,5883.0283,5860.713,5898.994,5875.096
1897.97998046875,1894.9908,1898.6992,1899.8633,1905.3225,1904.2043,1906.6543,1904.6862,1888.0726,1905.9952,1898.6863,1893.8582,1926.8196
2466.709228515625,2361.195,2289.3804,2406.3982,2407.6475,2372.8135,2419.4783,2431.2017,2568.6182,2356.5278,2566.9436,2422.4539,2447.811
4017.955078125,4013.6963,4013.7803,4014.6042,4016.5266,4016.064,4013.6887,4017.3716,4014.0818,4016.6094,4014.6267,4014.7874,4016.4158
2121.519775390625,2120.7437,2124.0737,2128.3315,2137.8918,2136.8684,2139.6719,2144.8967,2134.392,2139.9346,2130.4937,2137.2002,2140.3875
6822.24560546875,6908.829,6860.5083,6357.6367,7070.5234,6635.4233,6613.6987,6703.689,6835.803,6846.777,6761.36,6751.0024,6700.7046
284.2821960449219,166.54483,296.2833,344.6097,173.82928,270.64966,265.46063,375.81104,396.15607,496.45435,437.30734,484.5207,499.21045
4696.4912109375,4703.0127,4699.737,4651.472,4722.4775,4680.6284,4675.525,4685.6743,4698.9536,4704.106,4692.742,4691.8394,4698.1455
4389.9404296875,4396.52,4393.122,4391.988,4392.7163,4388.8745,4392.859,4385.0093,4390.6465,4392.7983,4389.425,4387.6597,4393.9873
2356.2705078125,2375.123,2248.2024,2341.8965,2512.2937,2427.8738,2189.136,2485.1467,2359.702,2485.0571,2418.4924,2427.6729,2582.5605
3825.1630859375,3876.1577,3835.6853,3805.837,3915.3635,3864.99,3848.1501,3889.3875,3823.4753,3870.0488,3817.2417,3838.9614,3844.3608
2103.524658203125,2186.3198,2096.844,2140.954,2195.4006,2203.7253,2174.2068,2218.9678,2228.48,2232.0552,2220.796,2250.5483,2239.1301
2100.4873046875,2229.3945,2169.107,2175.708,2235.094,2237.7493,2211.8064,2273.3337,2272.1938,2253.24,2258.904,2272.1987,2268.124
3122.18212890625,3060.2722,3058.5835,3084.877,3178.4636,3126.5999,3076.4348,3083.2825,2997.6184,3097.9204,3019.0923,3017.808,3048.342
1314.13330078125,1360.7983,1305.6123,1332.7428,1373.6211,1382.9775,1355.4114,1392.5593,1406.4441,1403.1285,1395.8972,1418.3127,1404.0511
1268.95556640625,1351.5533,1326.969,1317.7338,1359.4703,1359.7294,1335.5806,1391.9281,1381.8579,1362.8046,1376.276,1382.5442,1380.6166
7541.3173828125,7537.125,7508.183,7539.0195,7544.7827,7503.7026,7502.73,7454.2925,7429.4443,7455.8145,7378.513,7401.3467,7392.9756
7163.48388671875,7174.7744,7150.7974,7179.6104,7209.595,7143.1934,7160.393,7114.5747,7043.1274,7074.0415,7024.089,7034.614,7071.587
969.0437622070312,982.7133,974.06396,975.9291,990.08246,984.2083,979.1053,989.69476,981.8448,986.56635,979.3822,985.24176,991.1106
6361.4150390625,6196.184,6203.0044,6253.1807,6388.17,6394.983,6315.0425,6515.9287,6283.1733,6415.315,6344.4077,6330.563,6500.6787
796.1630859375,822.78143,804.88995,813.4937,825.6952,822.0068,813.7044,826.38055,826.3548,826.94653,827.8957,829.8824,834.4107
8249.92578125,8649.945,8494.591,8461.546,8604.136,8645.958,8575.6875,8696.142,8685.521,8776.86,8733.302,8833.576,8819.505
10970.7578125,10692.089,10710.537,10942.217,11188.533,11189.44,10926.078,11480.803,11029.099,11299.837,11140.249,11182.732,11408.602
3188.537109375,3224.2117,3217.292,3212.526,3217.3723,3200.4932,3234.2886,3215.8784,3227.7441,3212.1372,3222.9138,3204.7734,3232.2908
1269.845947265625,1313.5531,1266.3323,1290.8938,1328.1033,1336.7059,1312.7649,1345.253,1359.7401,1358.6243,1348.6138,1371.6252,1357.1337
1221.83203125,1303.2241,1281.2219,1270.9248,1312.5905,1311.0609,1287.9359,1341.9341,1332.2301,1313.0618,1326.45,1332.5482,1330.6567
5394.52001953125,5354.7666,5344.797,5367.7817,5406.091,5395.8096,5364.5522,5414.469,5366.783,5396.309,5378.1357,5377.8174,5407.452
1735.4217529296875,1783.0553,1757.8765,1784.7139,1781.6025,1721.4987,1782.4705,1762.3276,1761.6934,1758.6323,1751.1978,1760.6951,1764.5085
2162.951171875,2164.3154,2156.4172,2164.3667,2161.1702,2151.776,2156.761,2155.8284,2170.8884,2161.1992,2175.9412,2174.951,2173.2432
331.296875,329.99075,331.22687,329.45734,333.72882,330.10303,332.15317,329.1054,329.25995,331.32895,326.7168,329.82962,333.51715
567.36083984375,566.7894,564.31995,568.8378,574.8348,568.7406,570.52423,564.74316,562.6986,565.5123,562.42377,563.1523,562.5683
505.912109375,503.6222,-15.857056,424.22998,121.81152,106.84595,450.03088,-492.25012,233.71277,-340.00232,-554.53455,-836.17224,-132.7279
10360.1826171875,10151.873,10297.198,10331.916,10373.286,10490.547,10438.144,10533.313,10198.886,10435.042,10394.377,10407.679,10442.656
2170.280517578125,2184.7393,2197.831,2203.4656,2206.3884,2205.3198,2190.6006,2216.552,2185.5889,2220.6033,2196.042,2210.2542,2220.6055
7800.84619140625,7792.496,7795.9956,7786.129,7814.0615,7799.3223,7793.054,7804.7515,7775.4966,7802.8135,7760.1914,7776.141,7804.0444
9877.970703125,9711.042,9825.158,9851.768,9980.926,9943.464,9900.353,9906.306,9810.071,9939.78,9917.385,9989.518,10138.293
14480.642578125,14944.283,14636.064,14447.128,15059.256,14642.989,14491.207,15000.935,14564.19,14739.323,14365.706,14583.254,14613.406
8787.685546875,8793.648,8294.318,8794.248,9372.227,9162.413,8724.201,9462.338,8825.654,9285.944,8925.38,9076.844,9018.642
19128.53125,18821.97,18268.965,18940.42,19513.754,19510.871,18791.82,19908.0,18775.744,19517.535,19162.924,19236.273,19190.861
1620.3819580078125,1744.7721,1693.1672,1708.916,1707.7227,1677.1865,1661.9288,1746.7335,1655.5531,1660.6526,1628.414,1626.5485,1687.6097
1466.635498046875,1440.3881,1371.6877,1476.9922,1484.9159,1480.5134,1458.3622,1534.5703,1433.1245,1564.0687,1492.8766,1449.421,1538.304
2528.60693359375,2558.6255,2521.2534,2522.6685,2573.4675,2460.6616,2544.297,2421.8538,2375.9636,2302.6538,2310.1943,2202.8455,2307.9937
2902.258056640625,2771.0964,2795.5503,2736.0864,3092.461,2978.2305,3000.4387,2726.6257,2764.3977,2733.5598,2747.7615,2728.1677,2869.797
5341.3525390625,4828.14,4886.7,5080.2563,5406.2505,5001.2974,5521.8477,4868.4414,4796.452,4617.6724,4581.796,4677.9443,4426.7256
3189.366943359375,2906.0308,2935.5732,2943.0522,2914.933,2818.1782,2912.9102,2683.8662,2829.5598,2667.4126,2616.5662,2588.2878,2717.544
3361.5166015625,3082.674,3208.593,3089.7812,3357.1023,3218.85,3365.4023,3024.9736,3040.8696,2960.5166,2942.6497,2906.3984,2964.6633
1661.5604248046875,1630.8627,1639.1752,1600.1967,1813.582,1635.269,1690.56,1549.4445,1586.3652,1534.554,1537.7919,1532.1499,1604.7043
2321.677490234375,2146.7676,2207.845,2208.54,2274.2397,2141.5671,2122.539,2094.6453,2107.3813,2095.0178,2107.7163,2074.222,2091.4077
2827.8154296875,2819.3894,2981.798,2866.7898,3023.2913,2945.898,2909.0864,2706.3228,2657.1597,2665.2751,2716.609,2803.1812,2848.9163
5302.236328125,4929.7896,4956.507,4792.7627,5529.8604,4970.942,5303.216,4569.467,4892.078,4768.4194,4865.0845,4751.234,4895.8306
2864.60302734375,2666.636,2682.2366,2639.6526,2980.894,2750.5457,2863.0522,2596.9792,2618.0012,2570.3518,2576.995,2516.4412,2664.4023
2885.927001953125,2651.8215,2717.5571,2671.1567,2846.9573,2558.9163,2764.1565,2338.7527,2557.091,2376.8745,2263.264,2359.1636,2611.0432
2351.08837890625,2173.9785,2181.4512,2158.6665,2383.6455,2185.4133,2290.9443,2068.1147,2189.1228,2120.2537,2153.9229,2098.8726,2090.8928
3245.905029296875,3055.3843,3080.5542,3032.1553,3368.0151,3130.8428,3260.0542,2969.9314,2997.588,2891.669,2916.9785,2822.6519,3098.8174
2148.572265625,2039.5435,2046.2949,1987.6283,2171.1072,2014.4324,2061.3235,1888.0314,2044.3011,1965.4375,1996.1382,1957.2684,2079.127
5193.45166015625,4921.7686,5140.284,5053.3647,5756.6147,5110.1704,5129.6416,4925.4478,4987.5024,4974.8867,5087.5957,5064.359,5294.109
3998.34765625,3589.6265,3763.8296,3648.2126,4042.8953,3656.0688,3513.1,3412.3186,3577.717,3541.1157,3647.4443,3471.0571,3648.4075
3976.768310546875,3897.7278,3874.028,3960.3074,4187.3936,3999.6775,3849.0403,3931.6318,3828.8628,3897.8586,3873.5413,3772.509,4016.5435
3655.0869140625,3508.6633,3603.6362,3570.8364,3727.2466,3674.202,3597.8408,3496.8926,3421.3042,3390.6528,3391.027,3351.3691,3423.7156
1960.3758544921875,1759.0613,1784.508,1938.1201,1455.0039,1656.1088,1643.041,1353.5542,1417.8112,1291.7491,1389.9575,1121.272,1470.8118
6557.8486328125,6345.7573,6617.9497,6679.8677,7074.14,6410.134,6578.921,6376.6084,6140.2676,6499.4463,6355.371,6489.12,6707.03
4804.66015625,4733.4355,4814.324,4598.805,4910.6606,4656.366,4655.277,4603.924,4300.7153,4362.508,4330.5923,4581.2207,4576.3677
2517.70947265625,2259.6987,2395.9653,2289.349,2672.5215,2222.8276,2230.2166,2130.4592,2167.9116,2198.6687,2230.9727,2195.3232,2261.1567
3937.62109375,3617.1633,3457.3027,3702.6465,3772.6934,3493.927,3731.3613,3386.862,3068.7988,3332.9395,3349.9243,3339.707,3308.7976
3087.192626953125,3155.1384,2935.1292,2967.9556,2898.9385,2940.3877,2827.9692,2626.1035,2612.3008,2939.276,2631.4106,2838.8784,2819.0693
2037.9185791015625,1898.2148,1928.2212,1928.7786,2191.145,1890.3182,1900.2687,1806.1406,1787.5508,1771.9902,1763.986,1757.9127,1826.9398
1617.268310546875,1508.0225,1643.0804,1596.0634,1799.0107,1528.7416,1598.2738,1441.5117,1525.5693,1519.4742,1471.1525,1476.6912,1621.0165
6149.96435546875,5713.2354,6273.8076,5856.275,6128.5747,5798.45,5797.9795,5332.9995,5353.654,5178.5283,5296.318,5279.953,5450.402
2057.318115234375,1984.9818,1951.9833,1958.8651,2072.0461,1972.5359,1886.9287,1910.4288,1881.4467,1846.7778,1886.5022,1886.4803,1887.024
4210.8974609375,3441.2625,3957.3098,4051.7827,4093.9849,3833.717,3942.1777,3681.386,3361.7617,3653.2808,3605.827,3686.1921,3672.5903
2358.56201171875,2268.88,2239.8818,2229.1704,2386.9756,2290.677,2330.7507,2215.0735,2339.0728,2285.8982,2251.0881,2271.9182,2224.893
3482.875732421875,3513.6653,3467.4634,3510.7964,3747.254,3508.8787,3471.0386,3391.3113,3238.2876,3354.776,3308.795,3427.285,3621.9536
3562.53515625,3314.031,3428.1914,3268.5647,3462.9272,3286.8303,3353.4473,3214.0886,3207.7524,3087.8662,3116.6572,3020.1055,3076.1497
8308.8837890625,8084.5415,8046.8647,7975.6006,8758.664,8255.461,8115.9136,7622.16,7646.8555,7476.33,7702.0845,7721.918,8031.321
2281.914794921875,2218.2317,2256.0105,2268.215,2674.2993,2385.202,2365.4285,2189.8755,2205.5337,2142.1062,2185.7769,2143.2673,2272.6497
8577.5078125,8122.011,8074.177,8047.1265,9082.114,8483.965,8668.291,7845.7705,7838.0054,7553.714,7694.1064,7608.6094,7928.418
3451.1943359375,3221.669,3342.3677,3198.7034,3499.283,3286.3008,3301.5095,3035.1633,3090.9292,3019.5999,3088.3184,3047.6973,3160.0205
5793.09130859375,5333.7085,5429.407,5250.409,5972.8306,5474.57,5582.141,5102.1772,5185.774,4986.9355,5117.831,4980.102,5125.4863
2672.338134765625,2646.7834,2584.3586,2649.8743,2649.998,2605.2876,2594.9543,2504.524,2510.1685,2459.7952,2411.3435,2447.7769,2559.2603
2314.220703125,2220.552,2230.4834,2235.759,2388.6008,2261.7039,2262.0952,2168.2522,2077.3389,2192.263,2165.227,2211.4792,2327.2673
3869.151611328125,3415.2478,3810.586,3365.0518,3834.732,3447.5452,3396.1814,3262.8523,3383.9062,3269.147,3383.477,3325.736,3428.695
4048.234130859375,3836.4556,3954.488,3847.538,4172.907,4111.025,3938.8154,3876.4817,4032.0798,3769.514,3824.36,3926.0107,3809.9224
1616.49462890625,1386.7384,1484.6442,1454.1333,1626.2385,1501.4669,1609.4817,1351.7885,1400.9792,1369.5928,1406.7107,1367.569,1358.2249
1545.08154296875,1421.6006,1449.5071,1420.7188,1518.137,1447.1327,1479.7312,1434.3882,1487.0392,1416.5323,1490.0424,1422.8798,1401.2073
1911.3602294921875,1762.2429,1798.6409,1736.1587,1895.6816,1749.4165,1734.6399,1684.5859,1753.5684,1679.5204,1673.6907,1612.7023,1692.4908
3460.93310546875,3338.5598,3350.0972,3396.9944,3688.5603,3412.504,3417.8005,3228.857,3209.3047,3205.8647,3187.734,3188.142,3314.7454
5534.00537109375,5134.1104,5258.5054,5162.6665,5914.5483,5349.9854,5392.566,5106.216,5228.7437,5152.6704,5278.331,5182.5894,5389.3936
4728.44384765625,4350.4355,4463.7637,4335.6807,4737.0854,4452.0215,4754.874,4208.3984,4253.2837,4126.782,4187.3145,4097.744,4291.929
1245.927978515625,1178.8909,1210.7034,1178.5271,1252.6772,1178.2244,1264.0032,1199.2317,1126.8114,1131.965,1104.6906,1131.4734,1129.9708
3419.054931640625,3125.5237,3153.5159,3067.3135,3438.927,3126.2727,3281.8572,2941.975,2959.4155,2902.6953,2963.4824,2895.8926,3016.4294
3229.077392578125,2885.622,2975.3127,2829.482,3160.4067,2966.6191,2946.4304,2743.4658,2902.0793,2765.237,2825.2603,2617.1553,2885.413
2829.035888671875,2568.1467,2593.921,2606.0608,2923.7927,2890.3623,2675.866,2801.5093,2666.5552,2855.0696,2843.268,2763.497,2969.6296
5443.2314453125,5035.6123,5079.3794,4959.6953,5424.914,4986.36,5176.9644,4549.9844,5027.077,4598.1997,4729.7935,4380.604,4330.123
3311.024169921875,3114.3516,3156.984,3119.4329,3439.6113,3164.7832,3040.3398,3052.681,3144.4321,3140.033,3154.4321,3099.0896,3251.541
3940.66357421875,3678.5647,3897.832,3894.8228,3789.016,3794.0034,3896.9307,3761.2175,3829.7964,3792.5583,3814.955,3566.5645,3764.5552
2839.2060546875,2844.631,2781.3523,2770.3865,2843.8008,2852.6538,2803.9727,2790.087,2679.4272,2741.663,2704.03,2664.4575,2754.8704
5179.6796875,5224.2847,5538.246,5232.4414,5852.9077,5625.4443,5350.492,5516.8125,5364.266,5183.8203,5073.1313,5384.675,5261.546
1525.318115234375,1439.4257,1449.9801,1458.98,1554.815,1402.7114,1482.7719,1341.8523,1389.4445,1339.7992,1289.8347,1321.0085,1315.249
1102.5335693359375,1104.4845,1079.8231,1075.6467,1104.1993,1107.6532,1088.6377,1083.4086,1040.3335,1064.6874,1049.994,1034.539,1069.8156
1569.6829833984375,1500.4602,1474.1074,1453.6302,1625.015,1533.417,1579.7202,1426.9937,1434.0007,1404.8575,1415.5803,1378.7308,1463.2898
3276.50830078125,3164.6396,3148.41,3098.1887,3454.0732,3264.1365,3294.5007,3023.5278,3030.963,2919.981,2925.36,2936.3313,3041.055
2286.097412109375,2290.243,2239.3914,2230.665,2289.9246,2296.8623,2257.961,2246.5437,2157.2375,2207.4485,2176.939,2145.0945,2217.838
4479.46826171875,4055.102,4100.712,4018.9104,4151.8237,4064.0234,4148.7627,3857.8093,3722.619,3724.1553,3648.8877,3720.2231,3747.3462
3171.19384765625,3103.825,3140.1343,3086.2942,3357.3638,3113.0747,3220.8418,2999.736,3077.1873,3018.2986,3003.89,3006.0437,3041.236
5236.30419921875,5028.993,5253.5234,5142.6704,5412.4463,5344.9565,5296.027,4892.3687,4813.663,4863.018,4840.8555,4867.9106,5068.272
3358.399658203125,3221.2363,3300.202,3206.3833,3457.3242,3323.0803,3324.5847,3077.4797,3138.687,3042.6257,3078.2188,2937.993,3190.9355
